Trfs,Ester_24h_CNT_F_T_S29_R1_001.flexbar_q.fastq,Ester_24h_CNT_F_T_S30_R1_001.flexbar_q.fastq,Ester_24h_CNT_M_T_S41_R1_001.flexbar_q.fastq,Ester_24h_CNT_M_T_S42_R1_001.flexbar_q.fastq,Ester_24h_LPS_F_T_S31_R1_001.flexbar_q.fastq,Ester_24h_LPS_M_T_S43_R1_001.flexbar_q.fastq,Ester_24h_LPS_M_T_S44_R1_001.flexbar_q.fastq,Ester_24h_PS_F_T_S32_R1_001.flexbar_q.fastq,Ester_4h_CNT_F_T_S25_R1_001.flexbar_q.fastq,Ester_4h_CNT_F_T_S26_R1_001.flexbar_q.fastq,Ester_4h_CNT_M_T_S37_R1_001.flexbar_q.fastq,Ester_4h_CNT_M_T_S38_R1_001.flexbar_q.fastq,Ester_4h_LPS_F_T_S27_R1_001.flexbar_q.fastq,Ester_4h_LPS_F_T_S28_R1_001.flexbar_q.fastq,Ester_4h_LPS_M_T_S39_R1_001.flexbar_q.fastq,Ester_4h_LPS_M_T_S40_R1_001.flexbar_q.fastq,Ester_7d_CNT_F_T_S33_R1_001.flexbar_q.fastq,Ester_7d_CNT_F_T_S34_R1_001.flexbar_q.fastq,Ester_7d_CNT_M_T_S45_R1_001.flexbar_q.fastq,Ester_7d_CNT_M_T_S46_R1_001.flexbar_q.fastq,Ester_7d_LPS_F_T_S35_R1_001.flexbar_q.fastq,Ester_7d_LPS_F_T_S36_R1_001.flexbar_q.fastq,Ester_7d_LPS_M_T_S47_R1_001.flexbar_q.fastq,Ester_7d_LPS_M_T_S48_R1_001.flexbar_q.fastq,Spearman_correlation,p_values,MINTbase_Unique_ID,tRF_sequence,tRF_type(s),Sequence_locations_in_tRNA_space_(comma_deliminated)
tRF-16-S8V0J80,11.64,17.48,20.39,0.0,5.06,7.02,24.16,9.55,16.34,25.26,0.0,23.18,53.71,17.95,16.44,5.55,19.3,11.26,0.0,20.53,5.51,8.54,43.03,13.48,0.6184678883679736,0.0012758316400706,tRF-16-S8V0J80,GTCGGTAGAGCATGGG,i-tRF,trna13_LysCTT_14_-_58706613_58706685@15.30.16
tRF-21-8EKSP185D,44.25,69.9,32.63,76.19,25.32,28.07,40.26,62.05,65.34,30.31,84.77,23.18,40.28,44.87,73.98,44.38,57.91,16.89,90.54,54.74,20.21,21.35,107.57,20.22,-0.5317941792539281,0.0074826831729502,tRF-21-8EKSP185D,TCAATCCCCGGCACCTCCACC,3'-tRF,trna65_AlaAGC_6_+_28574933_28575004@54.74.21
tRF-22-9N1EWJQ72,25.62,69.9,32.63,76.19,12.66,35.09,12.08,14.32,98.01,5.05,56.52,46.37,40.28,22.43,65.76,61.03,51.48,67.54,60.36,68.42,20.21,38.43,21.51,107.85,-0.7078105625281156,0.0001092594994826,tRF-22-9N1EWJQ72,TGGTTAGGATTCGGCGCTCTCA,i-tRF,trna116_GluCTC_1_-_145399233_145399304@16.37.22
tRF-23-WP9N1EWJDW,37.26,61.16,4.08,21.77,20.26,0.0,20.13,14.32,65.34,25.26,9.42,46.37,13.43,58.33,16.44,61.03,51.48,45.03,7.55,20.53,49.61,38.43,10.76,20.22,-0.5355392086852938,0.0069974045667326,tRF-23-WP9N1EWJDW,TCTAGTGGTTAGGATTCGGCGCT,i-tRF,trna116_GluCTC_1_-_145399233_145399304@11.33.23
tRF-24-XSXMSL732Z,246.87,637.84,179.44,544.25,119.01,273.69,197.28,224.35,751.41,287.96,423.87,273.57,281.99,260.23,337.0,321.79,418.27,360.24,384.8,376.33,119.44,192.13,354.98,175.26,-0.6404000327635332,0.0007492928429536,tRF-24-XSXMSL732Z,TGCCGTGATCGTATAGTGGTTAGT,5'-tRF,trna33_HisGTG_6_+_27125906_27125977@-1T.23.24
tRF-34-4R94SX73V2Y81W,90.83,52.43,114.19,65.31,63.3,77.19,80.52,76.37,49.01,106.09,47.1,88.1,53.71,85.25,82.2,55.48,32.17,84.43,105.63,20.53,97.39,64.04,96.81,87.63,0.5392842381166595,0.0065386648883456,tRF-34-4R94SX73V2Y81W,CTCCCTGGTGGTCTAGTGGTTAGGATTCGGCGCT,5'-half,trna116_GluCTC_1_-_145399233_145399304@-1C.33.34
tRF-35-94SX73V2Y8L981,13.97,8.74,8.16,21.77,0.0,14.04,32.21,33.41,32.67,5.05,47.1,27.82,0.0,44.87,32.88,22.19,45.04,45.03,45.27,34.21,1.84,12.81,43.03,26.96,-0.5450202778141495,0.0058848980596578,tRF-35-94SX73V2Y8L981,TGGTGGTCTAGTGGTTAGGATTCGGCGCTCTCACC,i-tRF,trna116_GluCTC_1_-_145399233_145399304@5.39.35
tRF-39-0VL8K87SIRMM12E2,104.8,113.59,293.63,130.62,217.76,350.88,64.42,400.96,130.68,383.94,188.39,125.19,362.56,269.2,263.03,116.51,109.39,185.75,98.09,362.65,51.45,51.23,752.99,26.96,0.5168140615284654,0.0097131465700537,tRF-39-0VL8K87SIRMM12E2,ACCGCCGCGGCCCGGGTTCGATTCCCGGTCAGGGAACCA,3'-tRF,trna116_GluCTC_1_-_145399233_145399304@37.75.39
tRF-40-8HM2OSRNLNKSEK51,104.8,113.59,36.7,130.62,53.17,77.19,60.39,100.24,98.01,40.41,235.48,180.83,67.14,26.92,139.73,416.1,109.39,112.57,143.36,136.85,33.07,98.2,43.03,87.63,0.5355392086852938,0.0069974045667326,tRF-40-8HM2OSRNLNKSEK51,TCACGCGGGAGACCGGGGTTCGATTCCCCGACGGGGAGCC,3'-half,trna72_AspGTC_1_-_161432824_161432895@35.74.40
tRF-40-PSQP4PW3FJIKE7UM,9.32,26.21,36.7,10.88,65.83,28.07,16.1,19.09,32.67,25.26,37.68,9.27,161.14,35.89,16.44,22.19,32.17,22.51,7.55,13.68,11.02,12.81,10.76,0.0,-0.5654994441362193,0.0039787275680478,tRF-40-PSQP4PW3FJIKE7UM,GCCCGGCTAGCTCAGTCGGTAGAGCATGGGACTCTTAATC,5'-tRF,trna13_LysCTT_14_-_58706613_58706685@1.40.40
tRF-42-UMJYX9X5Q4R9OMKM3,4.66,0.0,12.23,10.88,12.66,14.04,20.13,4.77,16.34,10.1,0.0,13.91,13.43,17.95,24.66,16.64,12.87,11.26,15.09,13.68,3.67,12.81,32.27,6.74,0.5581307312323592,0.0045934648109522,tRF-42-UMJYX9X5Q4R9OMKM3,TAATCCATTGTGCTCTGCACGCGTGGGTTCGAATCCCATCCT,i-tRF,trna123_SerGCT_6_-_28565117_28565198@36.77.42
Time_taken,24h,24h,24h,24h,24h,24h,24h,24h,4h,4h,4h,4h,4h,4h,4h,4h,7d,7d,7d,7d,7d,7d,7d,7d
Treatment,CNT,CNT,CNT,CNT,LPS,LPS,LPS,LPS,CNT,CNT,CNT,CNT,LPS,LPS,LPS,LPS,CNT,CNT,CNT,CNT,LPS,LPS,LPS,LPS
Sex,F,F,M,M,F,M,M,F,F,F,M,M,F,F,M,M,F,F,M,M,F,F,M,M
Place_taken,T,T,T,T,T,T,T,T,T,T,T,T,T,T,T,T,T,T,T,T,T,T,T,T
Sample_num,S29,S30,S41,S42,S31,S43,S44,S32,S25,S26,S37,S38,S27,S28,S39,S40,S33,S34,S45,S46,S35,S36,S47,S48
Time_taken_normalized,0,0,0,0,24,24,24,24,0,0,0,0,4,4,4,4,0,0,0,0,168,168,168,168